filename,user_description
dog.jpg,Please analyze this image and recommend suitable music
hike.jpg,Please analyze this image and recommend suitable music
flowers.jpg,Please analyze this image and recommend suitable music
bike.jpg,Please analyze this image and recommend suitable music
roadtrip.jpg,Please analyze this image and recommend suitable music
manwithbike.jpg,Please analyze this image and recommend suitable music
coffeeposter.jpg,Please analyze this image and recommend suitable music
graduation.jpg,Please analyze this image and recommend suitable music
cafeoutdoor.jpg,Please analyze this image and recommend suitable music
couple.jpg,Please analyze this image and recommend suitable music
cafeaesthetic.jpg,Please analyze this image and recommend suitable music
picnic.jpg,Please analyze this image and recommend suitable music
cafework.jpeg,Please analyze this image and recommend suitable music
nightparty.jpeg,Please analyze this image and recommend suitable music
nycfromflight.jpeg,Please analyze this image and recommend suitable music
